parent,child
gender,18
phenotype,EthanolProductionexport
gender,MethylamineMonomethylamineProductionexport
gender,Faecalitalea
phenotype,D-ArabinoseL-ArabinoseArabinoseL-ArabinopyranoseL-ArabinofuranoseConsumptionimport
gender,Parasutterella
gender,ThiamineVitaminB1ThiaminConsumptionimport
gender,Catenibacterium
phenotype,Desulfovibrio
phenotype,EthanolaminePhosphatidylethanolamineConsumptionimport
phenotype,TaurodeoxycholateConsumptionimport
phenotype,UridineConsumptionimport
gender,TaurocholateConsumptionimport
phenotype,Bifidobacterium
gender,2-methylbutyrate2-methylbutanoicacidConsumptionimport
phenotype,AdenosylcobalaminVitaminB12CobamidecoenzymeCobIIalaminVitaminB12rCobIalaminVitaminB12sAquacobalaminCobalaminIIIConsumptionimport
phenotype,Parasutterella
gender,GlycochenodeoxycholateConsumptionimport
phenotype,Paraprevotella
gender,MenaquinoneVitaminK2Consumptionimport
gender,2-OxobutyrateAlpha-ketobutyrate2-OxobutanoateConsumptionimport
gender,148
phenotype,2-methylbutyrate2-methylbutanoicacidConsumptionimport
gender,EthanolConsumptionimport
phenotype,Enterocloster
phenotype,MenaquinoneVitaminK2Consumptionimport
phenotype,2-OxobutyrateAlpha-ketobutyrate2-OxobutanoateConsumptionimport
phenotype,PropanoatePropionateProductionexport
gender,4
gender,ChenodeoxycholicacidChenodeoxycholateProductionexport
gender,13
phenotype,Bacteroides
gender,22
phenotype,Faecalibacterium
phenotype,Granulicatella
gender,ThiamineVitaminB1ThiaminConsumptionimportproductionexport
gender,CO2Consumptionimport
gender,Haemophilus
gender,N-AcetylgalactosamineN-Acetyl-D-galactosamineConsumptionimport
gender,HyaluronanHyaluronateHyaluronicacidMacromoleculedegradation
phenotype,PropanoatePropionateConsumptionimport
gender,L-LeucineLeucineConsumptionimport
phenotype,Lachnoclostridium
gender,ChenodeoxycholicacidChenodeoxycholateConsumptionimport
phenotype,TaurochenodeoxycholateConsumptionimport
phenotype,CelluloseBeta-D-glucanMacromoleculedegradation
gender,PyruvateConsumptionimport
gender,Coprobacter
gender,alpha-LinolenicacidOmega-3fattyacidConsumptionimport
phenotype,Enorma
phenotype,CitrateConsumptionimport
phenotype,FolicacidFolateVitaminB9Consumptionimportproductionexport
gender,ButylamineProductionexport
phenotype,ChenodeoxycholicacidChenodeoxycholateConsumptionimport
gender,Lachnospira
gender,NH3AmmoniaNH4AmmoniumConsumptionimportproductionexport
phenotype,PhenylacetateProductionexport
phenotype,4-Aminobenzoatepara-aminoBenzoicacidConsumptionimport
gender,L-LysineLysineD-LysineConsumptionimport
gender,17
phenotype,D-GalactoseConsumptionimport
gender,OxaloacetateConsumptionimport
phenotype,NiacinVitaminB3NicotinicacidNicotinateNicotinamideVitaminB3Consumptionimportproductionexport
gender,Methanosphaera
phenotype,Gemella
phenotype,Gordonibacter
gender,AcetateConsumptionimport
gender,Klebsiella
gender,IsethionateConsumptionimport
gender,XylitolConsumptionimport
phenotype,PhenolConsumptionimport
phenotype,DNARNAPolynucleotideMacromoleculedegradation
phenotype,L-SorboseSorboseConsumptionimport
phenotype,MethanolConsumptionimport
phenotype,Klebsiella
gender,Mitsuokella
phenotype,ThiamineVitaminB1ThiaminProductionexport
phenotype,Propanoln-propanol1-PropanolProductionexport
phenotype,GlycocholateConsumptionimport
gender,3
phenotype,H2SHS-Productionexport
gender,12
phenotype,L-LactateS-LactateLactateD-LactateR-LactateProductionexport
phenotype,MethanolProductionexport
phenotype,LinoleicacidOmega-6fattyacidProductionexport
gender,CadaverineProductionexport
phenotype,Eggerthella
gender,D-GlucuronicacidD-GlucuronateConsumptionimport
phenotype,Propionibacterium
gender,LactoseConsumptionimport
gender,TrehaloseConsumptionimport
phenotype,MenaquinoneVitaminK2Productionexport
phenotype,D-GlucuronicacidD-GlucuronateConsumptionimport
gender,NH3AmmoniaNH4AmmoniumProductionexport
phenotype,TrehaloseConsumptionimport
gender,MucinMucusGlycoproteinMacromoleculedegradation
phenotype,L-ArginineArginineConsumptionimport
gender,CholicacidCholateConsumptionimportproductionexport
gender,Butyrivibrio
gender,D-TagaturonateConsumptionimport
phenotype,NH3AmmoniaNH4AmmoniumProductionexport
gender,Thomasclavelia
phenotype,CholicacidCholateProductionexport
phenotype,MucinMucusGlycoproteinMacromoleculedegradation
gender,Clostridium
gender,BiotinVitaminB7Consumptionimport
gender,SulfateSulfuricacidConsumptionimport
gender,HemicelluloseMacromoleculedegradation
phenotype,TyramineConsumptionimport
phenotype,Dorea
gender,Turicibacter
phenotype,BiotinVitaminB7Consumptionimport
phenotype,SulfateSulfuricacidConsumptionimport
phenotype,Dialister
gender,Leuconostoc
phenotype,16
gender,L-FucoseConsumptionimport
gender,Collinsella
gender,Pseudoflavonifractor
phenotype,Parabacteroides
gender,PentanolProductionexport
phenotype,Collinsella
phenotype,TrimethylamineConsumptionimport
phenotype,Propanoln-propanol1-PropanolConsumptionimport
gender,Isovalerate3-MethylbutanoicacidConsumptionimport
phenotype,PentanolProductionexport
gender,L-SerineSerineD-SerineConsumptionimport
phenotype,LithocholicacidProductionexport
gender,StachyoseConsumptionimport
gender,2
gender,Coprococcus
phenotype,Segatella
phenotype,L-GlutamineD-GlutamineGlutamineConsumptionimport
phenotype,Akkermansia
phenotype,RiboflavinVitaminB2Productionexport
gender,L-MalateS-MalateL-MalicacidMalateD-MalateR-MalateConsumptionimport
phenotype,2
phenotype,PectinMacromoleculedegradation
gender,D-LyxoseL-LyxoseConsumptionimport
phenotype,11
phenotype,L-MethionineD-MethionineConsumptionimport
gender,L-ValineValineD-ValineConsumptionimport
phenotype,L-ThreonineThreonineProductionexport
phenotype,LinoleicacidOmega-6fattyacidConsumptionimport
gender,L-RhamnoseRhamnoseD-RhamnoseConsumptionimport
phenotype,D-LyxoseL-LyxoseConsumptionimport
gender,StarchAmylopectinAmylose14-alpha-D-GlucanPullulanResistantstarchMacromoleculedegradation
phenotype,D-TuranoseConsumptionimport
phenotype,L-ArabitolL-ArabinitolD-ArabitolConsumptionimport
gender,SuccinateProductionexport
phenotype,XOSXylooligosaccharideConsumptionimport
gender,SucroseConsumptionimport
phenotype,Barnesiella
phenotype,Mediterraneibacter
gender,FructanInulinLevanMacromoleculedegradation
gender,ButyrateProductionexport
gender,TaurineConsumptionimport
phenotype,Chondroitin4-sulfateChondroitin6-sulfateMacromoleculedegradation
gender,L-AsparagineAsparagineConsumptionimport
phenotype,H2O2Productionexport
gender,FormateProductionexport
gender,ValeratePentanoicacidPentanoateConsumptionimport
gender,ChitinMacromoleculedegradation
phenotype,FormaldehydeProductionexport
phenotype,Schaalia
phenotype,6
gender,CellobioseConsumptionimport
gender,12-EthanediolEthyleneglycolProductionexport
phenotype,Intestinibacter
phenotype,24
phenotype,FormateProductionexport
gender,Methanobrevibacter
gender,ErythritolConsumptionimport
phenotype,PolypeptideMacromoleculedegradation
phenotype,Alistipes
gender,Hungatella
phenotype,ChitinMacromoleculedegradation
phenotype,CellobioseConsumptionimport
phenotype,L-IdonateConsumptionimport
gender,D-GlucoseGlucoseConsumptionimport
phenotype,12-EthanediolEthyleneglycolProductionexport
phenotype,Bilophila
phenotype,InosineConsumptionimport
phenotype,N-Acetyl-D-GlucosamineN-AcetylglucosamineConsumptionimport
gender,MethaneCH4Productionexport
gender,Odoribacter
phenotype,RiboflavinVitaminB2Consumptionimport
gender,SpermidineProductionexport
phenotype,NitrateConsumptionimport
gender,FolicacidFolateVitaminB9Productionexport
phenotype,Odoribacter
gender,GlycolithocholateConsumptionimport
phenotype,Phascolarctobacterium
phenotype,1
phenotype,10
phenotype,SpermidineProductionexport
phenotype,L-HistidineHistidineConsumptionimport
phenotype,UreaConsumptionimport
gender,D-RiboseRiboseConsumptionimport
gender,D-FructoseFructoseConsumptionimport
gender,Isobutyrate2-MethylpropanoicacidConsumptionimport
gender,L-GlutamateL-GlutamicacidGlutamateD-GlutamateConsumptionimport
gender,EthanolProductionexport
gender,PyridoxalVitaminB6PyridoxinePyridoxamineVitaminB6Productionexport
gender,H2HydrogenConsumptionimport
gender,D-ArabinoseL-ArabinoseArabinoseL-ArabinopyranoseL-ArabinofuranoseConsumptionimport
gender,NH3AmmoniaNH4AmmoniumConsumptionimport
phenotype,Blautia
gender,Desulfovibrio
gender,EthanolaminePhosphatidylethanolamineConsumptionimport
gender,TaurodeoxycholateConsumptionimport
phenotype,PyridoxalVitaminB6PyridoxinePyridoxamineVitaminB6Productionexport
gender,UridineConsumptionimport
phenotype,H2HydrogenConsumptionimport
phenotype,Rothia
gender,Bifidobacterium
phenotype,L-LactateS-LactateLactateD-LactateR-LactateConsumptionimport
phenotype,ButanolConsumptionimport
gender,AdenosylcobalaminVitaminB12CobamidecoenzymeCobIIalaminVitaminB12rCobIalaminVitaminB12sAquacobalaminCobalaminIIIConsumptionimport
phenotype,NH3AmmoniaNH4AmmoniumConsumptionimport
phenotype,D-MannitolMannitolConsumptionimport
phenotype,BenzoateConsumptionimport
phenotype,Enterococcus
gender,H2HydrogenProductionexport
gender,Paraprevotella
gender,L-GlycineGlycineConsumptionimport
phenotype,5
gender,Enterocloster
phenotype,H2HydrogenProductionexport
phenotype,IndoleConsumptionimport
gender,PropanoatePropionateProductionexport
phenotype,L-GlycineGlycineConsumptionimport
phenotype,L-LactateS-LactateLactateD-LactateR-LactateConsumptionimportproductionexport
gender,Bacteroides
gender,Faecalibacterium
gender,Granulicatella
phenotype,BetaineGlycinebetaineConsumptionimport
gender,PropanoatePropionateConsumptionimport
phenotype,DeoxycholicacidProductionexport
gender,Lachnoclostridium
gender,TaurochenodeoxycholateConsumptionimport
gender,CelluloseBeta-D-glucanMacromoleculedegradation
gender,Fusobacterium
gender,Enorma
gender,CitrateConsumptionimport
gender,FolicacidFolateVitaminB9Consumptionimportproductionexport
phenotype,Adlercreutzia
gender,ArabinogalactanMacromoleculedegradation
gender,PhenylacetateProductionexport
phenotype,FolicacidFolateVitaminB9Consumptionimport
phenotype,Fusobacterium
gender,4-Aminobenzoatepara-aminoBenzoicacidConsumptionimport
phenotype,D-GalacturonateConsumptionimport
phenotype,Phocaeicola
phenotype,ArabinogalactanMacromoleculedegradation
gender,D-GalactoseConsumptionimport
gender,Leyella
phenotype,N-AcetylneuraminicacidN-acetylneuraminateNeu5AcSialicacidConsumptionimport
phenotype,L-PhenylalaninePhenylalanineD-PhenylalanineConsumptionimport
gender,NiacinVitaminB3NicotinicacidNicotinateNicotinamideVitaminB3Consumptionimportproductionexport
phenotype,Leyella
gender,Gemella
gender,Gordonibacter
phenotype,cis-Aconitatetrans-Aconitatetrans-AconiticacidConsumptionimport
gender,BiotinVitaminB7Productionexport
phenotype,Indole-3-acetateIndoleacetateConsumptionimportproductionexport
phenotype,Parvimonas
phenotype,D-GluconateD-GluconicacidGluconateConsumptionimport
gender,PhenolConsumptionimport
gender,DNARNAPolynucleotideMacromoleculedegradation
gender,L-SorboseSorboseConsumptionimport
phenotype,BiotinVitaminB7Productionexport
gender,MethanolConsumptionimport
gender,ThiamineVitaminB1ThiaminProductionexport
gender,Propanoln-propanol1-PropanolProductionexport
gender,GlycocholateConsumptionimport
gender,H2SHS-Productionexport
gender,L-LactateS-LactateLactateD-LactateR-LactateProductionexport
gender,MethanolProductionexport
gender,LinoleicacidOmega-6fattyacidProductionexport
gender,Eggerthella
phenotype,Isovalerate3-MethylbutanoicacidProductionexport
gender,Propionibacterium
phenotype,TyramineProductionexport
phenotype,AcetateProductionexport
gender,MenaquinoneVitaminK2Productionexport
gender,Acidaminococcus
gender,L-ArginineArginineConsumptionimport
phenotype,13-PropanediolProductionexport
phenotype,N2Consumptionimport
phenotype,Acidaminococcus
gender,CholicacidCholateProductionexport
gender,Veillonella
phenotype,Tyzzerella
gender,TyramineConsumptionimport
gender,Dorea
phenotype,Isobutyrate2-MethylpropanoicacidProductionexport
gender,PantothenicacidVitaminB5PantothenateConsumptionimport
phenotype,Veillonella
gender,Dialister
phenotype,Peptostreptococcus
phenotype,PantothenicacidVitaminB5PantothenateConsumptionimport
gender,16
phenotype,L-AspartateAspartateD-AspartateConsumptionimport
gender,Parabacteroides
phenotype,DimethylamineProductionexport
phenotype,TrimethylamineProductionexport
phenotype,L-ThreonineThreonineConsumptionimport
gender,TrimethylamineConsumptionimport
gender,PutrescineProductionexport
phenotype,AlginateMacromoleculedegradation
gender,Propanoln-propanol1-PropanolConsumptionimport
phenotype,4-AminobutyrateGABAProductionexport
gender,ChenodeoxycholicacidChenodeoxycholateConsumptionimportproductionexport
gender,LithocholicacidProductionexport
phenotype,PutrescineProductionexport
phenotype,Roseburia
phenotype,Anaerostipes
phenotype,Solobacterium
gender,Segatella
phenotype,ChenodeoxycholicacidChenodeoxycholateConsumptionimportproductionexport
gender,L-GlutamineD-GlutamineGlutamineConsumptionimport
gender,Akkermansia
phenotype,L-TyrosineTyrosineConsumptionimport
gender,182
phenotype,AcetateConsumptionimportproductionexport
gender,RiboflavinVitaminB2Productionexport
gender,PectinMacromoleculedegradation
gender,BicarbonateHCO3-H2CO3CarbonicacidCarbonateConsumptionimport
gender,11
gender,L-MethionineD-MethionineConsumptionimport
phenotype,D-FructuronateConsumptionimport
gender,L-ThreonineThreonineProductionexport
gender,LinoleicacidOmega-6fattyacidConsumptionimport
phenotype,182
phenotype,DextrinMaltotrioseMaltodextrinMaltohexaoseMaltotetraoseMaltooligosaccharideConsumptionimport
phenotype,GlycodeoxycholateConsumptionimport
gender,GlycerolConsumptionimport
phenotype,BicarbonateHCO3-H2CO3CarbonicacidCarbonateConsumptionimport
gender,D-TuranoseConsumptionimport
gender,L-ArabitolL-ArabinitolD-ArabitolConsumptionimport
gender,XOSXylooligosaccharideConsumptionimport
phenotype,TrimethylamineN-oxideTrimethylamine-N-oxideProductionexport
phenotype,GlycerolConsumptionimport
gender,Barnesiella
gender,GalactanMacromoleculedegradation
gender,Mediterraneibacter
gender,Chondroitin4-sulfateChondroitin6-sulfateMacromoleculedegradation
gender,H2O2Productionexport
phenotype,GalactanMacromoleculedegradation
gender,FormaldehydeProductionexport
gender,Schaalia
gender,6
gender,Intestinibacter
gender,24
gender,PolypeptideMacromoleculedegradation
gender,Alistipes
gender,L-IdonateConsumptionimport
gender,Bilophila
gender,CO2Productionexport
gender,InosineConsumptionimport
gender,MaltoseConsumptionimport
phenotype,L-IsoleucineIsoleucineConsumptionimport
gender,N-Acetyl-D-GlucosamineN-AcetylglucosamineConsumptionimport
phenotype,Streptococcus
gender,RaffinoseConsumptionimport
phenotype,D-MannoseMannoseConsumptionimport
phenotype,60
phenotype,CO2Productionexport
phenotype,Escherichia
phenotype,MaltoseConsumptionimport
gender,RiboflavinVitaminB2Consumptionimport
phenotype,D-XyloseXyloseConsumptionimport
gender,NitrateConsumptionimport
phenotype,RaffinoseConsumptionimport
gender,Phascolarctobacterium
phenotype,AdenosylcobalaminVitaminB12CobamidecoenzymeCobIIalaminVitaminB12rCobIalaminVitaminB12sAquacobalaminCobalaminIIIConsumptionimportproductionexport
gender,1
gender,10
phenotype,ThiosulfateConsumptionimport
gender,L-HistidineHistidineConsumptionimport
gender,UreaConsumptionimport
gender,19
gender,Lactobacillus
phenotype,19
gender,SuccinateConsumptionimportproductionexport
gender,Blautia
phenotype,ButyrateConsumptionimport
phenotype,Porphyromonas
phenotype,Lactobacillus
phenotype,MelibioseConsumptionimport
gender,Rothia
gender,L-LactateS-LactateLactateD-LactateR-LactateConsumptionimport
phenotype,FormateConsumptionimport
gender,ButanolConsumptionimport
phenotype,D-SorbitolD-GlucitolSorbitolGlucitolL-SorbitolSorbitolConsumptionimport
phenotype,Eubacterium
gender,D-MannitolMannitolConsumptionimport
phenotype,SuccinateConsumptionimportproductionexport
gender,BenzoateConsumptionimport
gender,Enterococcus
gender,CO2Consumptionimportproductionexport
phenotype,SuccinateConsumptionimport
phenotype,Agathobacter
gender,5
phenotype,RR-23-ButanediolRR-ButanediolSS-23-ButanediolSS-ButanediolConsumptionimportproductionexport
gender,14
phenotype,CO2Consumptionimportproductionexport
gender,L-CysteineCysteineD-CysteineConsumptionimport
gender,IndoleConsumptionimport
gender,L-LactateS-LactateLactateD-LactateR-LactateConsumptionimportproductionexport
phenotype,UreaProductionexport
phenotype,14
gender,NiacinVitaminB3NicotinicacidNicotinateNicotinamideVitaminB3Consumptionimport
phenotype,L-CysteineCysteineD-CysteineConsumptionimport
gender,BetaineGlycinebetaineConsumptionimport
phenotype,Anaerobutyricum
phenotype,PhenylethylamineProductionexport
phenotype,L-TryptophanTryptophanConsumptionimport
phenotype,MethylamineMonomethylamineConsumptionimport
gender,DeoxycholicacidProductionexport
phenotype,NiacinVitaminB3NicotinicacidNicotinateNicotinamideVitaminB3Consumptionimport
phenotype,Anaerotruncus
gender,IsomaltoseConsumptionimport
phenotype,AdenosylcobalaminVitaminB12CobamidecoenzymeCobIIalaminVitaminB12rCobIalaminVitaminB12sAquacobalaminCobalaminIIIProductionexport
phenotype,Holdemanella
phenotype,Lacticaseibacillus
phenotype,IsomaltoseConsumptionimport
phenotype,Lactococcus
phenotype,PyruvateProductionexport
gender,0
phenotype,PyridoxalVitaminB6PyridoxinePyridoxamineVitaminB6Consumptionimport
gender,Adlercreutzia
phenotype,IndoleProductionexport
gender,FolicacidFolateVitaminB9Consumptionimport
gender,12-propanediolPropenediolPropyleneglycolR-12-propanediolR-propane-12-diolS-12-propanediolS-propane-12-diolProductionexport
gender,D-GalacturonateConsumptionimport
phenotype,0
gender,Phocaeicola
phenotype,N-Acetyl-D-mannosamineConsumptionimport
phenotype,18
phenotype,12-propanediolPropenediolPropyleneglycolR-12-propanediolR-propane-12-diolS-12-propanediolS-propane-12-diolProductionexport
gender,N-AcetylneuraminicacidN-acetylneuraminateNeu5AcSialicacidConsumptionimport
phenotype,MethylamineMonomethylamineProductionexport
phenotype,Faecalitalea
gender,L-PhenylalaninePhenylalanineD-PhenylalanineConsumptionimport
phenotype,ThiamineVitaminB1ThiaminConsumptionimport
phenotype,Catenibacterium
phenotype,TaurocholateConsumptionimport
gender,DimethylamineConsumptionimport
gender,cis-Aconitatetrans-Aconitatetrans-AconiticacidConsumptionimport
gender,RiboflavinVitaminB2Consumptionimportproductionexport
gender,Ruminococcus
phenotype,GlycochenodeoxycholateConsumptionimport
gender,Indole-3-acetateIndoleacetateConsumptionimportproductionexport
gender,Parvimonas
phenotype,148
phenotype,DimethylamineConsumptionimport
gender,D-GluconateD-GluconicacidGluconateConsumptionimport
phenotype,EthanolConsumptionimport
phenotype,RiboflavinVitaminB2Consumptionimportproductionexport
phenotype,Ruminococcus
phenotype,4
phenotype,ChenodeoxycholicacidChenodeoxycholateProductionexport
phenotype,13
phenotype,22
phenotype,ThiamineVitaminB1ThiaminConsumptionimportproductionexport
phenotype,CO2Consumptionimport
gender,Lancefieldella
phenotype,Haemophilus
gender,Isovalerate3-MethylbutanoicacidProductionexport
gender,TyramineProductionexport
gender,Inositolmyo-InositolInositol1-phosphateMyo-inositolphosphateConsumptionimport
phenotype,N-AcetylgalactosamineN-Acetyl-D-galactosamineConsumptionimport
gender,AcetateProductionexport
phenotype,HyaluronanHyaluronateHyaluronicacidMacromoleculedegradation
phenotype,Lancefieldella
gender,FOSFructooligosaccharideConsumptionimport
phenotype,L-LeucineLeucineConsumptionimport
phenotype,Inositolmyo-InositolInositol1-phosphateMyo-inositolphosphateConsumptionimport
gender,Sutterella
phenotype,PyruvateConsumptionimport
phenotype,Coprobacter
phenotype,alpha-LinolenicacidOmega-3fattyacidConsumptionimport
gender,13-PropanediolProductionexport
phenotype,FOSFructooligosaccharideConsumptionimport
phenotype,ButylamineProductionexport
gender,N2Consumptionimport
phenotype,Lachnospira
phenotype,NH3AmmoniaNH4AmmoniumConsumptionimportproductionexport
phenotype,Sutterella
gender,Tyzzerella
phenotype,L-LysineLysineD-LysineConsumptionimport
gender,Isobutyrate2-MethylpropanoicacidProductionexport
phenotype,17
gender,Peptostreptococcus
phenotype,OxaloacetateConsumptionimport
gender,L-AspartateAspartateD-AspartateConsumptionimport
phenotype,Methanosphaera
gender,DimethylamineProductionexport
gender,TrimethylamineProductionexport
phenotype,AcetateConsumptionimport
gender,L-ThreonineThreonineConsumptionimport
phenotype,IsethionateConsumptionimport
gender,AlginateMacromoleculedegradation
gender,4-AminobutyrateGABAProductionexport
phenotype,XylitolConsumptionimport
phenotype,Mitsuokella
gender,Roseburia
gender,Anaerostipes
gender,Solobacterium
phenotype,3
phenotype,12
gender,L-TyrosineTyrosineConsumptionimport
gender,AcetateConsumptionimportproductionexport
phenotype,CadaverineProductionexport
phenotype,LactoseConsumptionimport
gender,D-FructuronateConsumptionimport
gender,DextrinMaltotrioseMaltodextrinMaltohexaoseMaltotetraoseMaltooligosaccharideConsumptionimport
gender,GlycodeoxycholateConsumptionimport
phenotype,CholicacidCholateConsumptionimportproductionexport
gender,TrimethylamineN-oxideTrimethylamine-N-oxideProductionexport
phenotype,Butyrivibrio
phenotype,D-TagaturonateConsumptionimport
phenotype,Thomasclavelia
phenotype,Clostridium
phenotype,HemicelluloseMacromoleculedegradation
phenotype,Turicibacter
gender,ValeratePentanoicacidPentanoateProductionexport
phenotype,Leuconostoc
gender,CholicacidCholateConsumptionimport
phenotype,L-FucoseConsumptionimport
phenotype,ValeratePentanoicacidPentanoateProductionexport
phenotype,Pseudoflavonifractor
phenotype,CholicacidCholateConsumptionimport
gender,L-IsoleucineIsoleucineConsumptionimport
phenotype,Isovalerate3-MethylbutanoicacidConsumptionimport
gender,Streptococcus
gender,D-MannoseMannoseConsumptionimport
gender,60
gender,Escherichia
gender,D-GlucosamineGlucosamineConsumptionimport
phenotype,L-SerineSerineD-SerineConsumptionimport
phenotype,L-GlutamateL-GlutamicacidGlutamateD-GlutamateConsumptionimport
phenotype,StachyoseConsumptionimport
gender,D-XyloseXyloseConsumptionimport
phenotype,Coprococcus
phenotype,D-GlucosamineGlucosamineConsumptionimport
phenotype,L-MalateS-MalateL-MalicacidMalateD-MalateR-MalateConsumptionimport
gender,AdenosylcobalaminVitaminB12CobamidecoenzymeCobIIalaminVitaminB12rCobIalaminVitaminB12sAquacobalaminCobalaminIIIConsumptionimportproductionexport
gender,ThiosulfateConsumptionimport
gender,D-PsicoseConsumptionimport
phenotype,L-ValineValineD-ValineConsumptionimport
phenotype,L-RhamnoseRhamnoseD-RhamnoseConsumptionimport
phenotype,D-PsicoseConsumptionimport
phenotype,StarchAmylopectinAmylose14-alpha-D-GlucanPullulanResistantstarchMacromoleculedegradation
gender,TaurolithocholateConsumptionimport
phenotype,SuccinateProductionexport
phenotype,SucroseConsumptionimport
gender,ButyrateConsumptionimport
gender,Porphyromonas
gender,MelibioseConsumptionimport
phenotype,TaurolithocholateConsumptionimport
gender,ThymidineConsumptionimport
gender,FormateConsumptionimport
gender,D-SorbitolD-GlucitolSorbitolGlucitolL-SorbitolSorbitolConsumptionimport
gender,Eubacterium
phenotype,FructanInulinLevanMacromoleculedegradation
phenotype,ButyrateProductionexport
gender,CholineConsumptionimport
gender,SuccinateConsumptionimport
phenotype,ThymidineConsumptionimport
phenotype,TaurineConsumptionimport
gender,Agathobacter
phenotype,L-AsparagineAsparagineConsumptionimport
phenotype,ValeratePentanoicacidPentanoateConsumptionimport
gender,RR-23-ButanediolRR-ButanediolSS-23-ButanediolSS-ButanediolConsumptionimportproductionexport
phenotype,CholineConsumptionimport
gender,Flavonifractor
phenotype,ErythritolConsumptionimport
phenotype,Methanobrevibacter
gender,UreaProductionexport
phenotype,Hungatella
phenotype,D-GlucoseGlucoseConsumptionimport
phenotype,Flavonifractor
gender,Anaerobutyricum
gender,PhenylethylamineProductionexport
gender,L-TryptophanTryptophanConsumptionimport
gender,D-GalactosamineGalactosamineConsumptionimport
phenotype,MethaneCH4Productionexport
gender,MethylamineMonomethylamineConsumptionimport
gender,Anaerotruncus
gender,AdenosylcobalaminVitaminB12CobamidecoenzymeCobIIalaminVitaminB12rCobIalaminVitaminB12sAquacobalaminCobalaminIIIProductionexport
gender,Holdemanella
phenotype,D-GalactosamineGalactosamineConsumptionimport
gender,Lacticaseibacillus
phenotype,FolicacidFolateVitaminB9Productionexport
gender,Holdemania
gender,Lactococcus
gender,PyruvateProductionexport
phenotype,GlycolithocholateConsumptionimport
phenotype,D-FructoseFructoseConsumptionimport
gender,PyridoxalVitaminB6PyridoxinePyridoxamineVitaminB6Consumptionimport
gender,IndoleProductionexport
phenotype,D-RiboseRiboseConsumptionimport
phenotype,Holdemania
phenotype,Isobutyrate2-MethylpropanoicacidConsumptionimport
gender,N-Acetyl-D-mannosamineConsumptionimport
Catenibacterium,100886
Solobacterium,102148
Pseudoflavonifractor,106588
Coprobacter,1099853
Enorma,1118060
Streptococcus,113107
Coprococcus,116085
Ruminococcus,1161942
Leuconostoc,1245
Ruminococcus,1264
Alistipes,1288121
Streptococcus,1302
Streptococcus,1304
Streptococcus,1305
Streptococcus,1308
Streptococcus,1309
Streptococcus,1318
Streptococcus,1328
Streptococcus,1343
Enterococcus,1351
Enterococcus,1352
Lactococcus,1358
Lancefieldella,1382
Lachnoclostridium,1512
Thomasclavelia,1522
Enterocloster,1531
Hungatella,154046
Turicibacter,154288
Thomasclavelia,1547
Lacticaseibacillus,1582
Lactobacillus,1584
Lactobacillus,1596
Segatella,165179
Schaalia,1660
Roseburia,166486
Bifidobacterium,1680
Bifidobacterium,1681
Bifidobacterium,1686
Bifidobacterium,1689
Anaerotruncus,169435
Holdemanella,1735
Propionibacterium,1744
Acidaminococcus,187327
Phocaeicola,204516
Enterocloster,208479
Alistipes,214856
Bifidobacterium,216816
Methanobrevibacter,2173
Dialister,218538
Methanosphaera,2317
Akkermansia,239935
Bacteroides,246787
Intestinibacter,261299
Bifidobacterium,28025
Bifidobacterium,28026
Streptococcus,28037
Bacteroides,28111
Bacteroides,28116
Alistipes,28117
Odoribacter,28118
Porphyromonas,28123
Bacteroides,291644
Bacteroides,291645
Flavonifractor,292800
Tyzzerella,29361
Gemella,29391
Veillonella,29466
Roseburia,301301
Phocaeicola,310297
Phocaeicola,310298
Porphyromonas,322095
Parabacteroides,328812
Alistipes,328813
Alistipes,328814
Bacteroides,329854
Parvimonas,33033
Blautia,33035
Mediterraneibacter,33038
Mediterraneibacter,33039
Enterocloster,333367
Bacteroides,338188
Peptostreptococcus,341694
Phocaeicola,357276
Bilophila,35833
Enterocloster,358743
Roseburia,360807
Leyella,363265
Bacteroides,371601
Phocaeicola,387090
Parabacteroides,387661
Faecalitalea,39483
Lachnospira,39485
Dorea,39486
Anaerobutyricum,39488
Eubacterium,39490
Agathobacter,39491
Eubacterium,39496
Veillonella,39777
Veillonella,39778
Ruminococcus,40518
Ruminococcus,40519
Blautia,40520
Sutterella,40545
Coprococcus,410072
Clostridium,411489
Rothia,43675
Adlercreutzia,446660
Paraprevotella,454154
Paraprevotella,454155
Ruminococcus,457412
Butyrivibrio,45851
Granulicatella,46124
Mediterraneibacter,46228
Parabacteroides,46503
Bacteroides,46506
Gordonibacter,471189
Bacteroides,47678
Dialister,487173
Barnesiella,487174
Parasutterella,487175
Mitsuokella,52226
Enterococcus,53345
Blautia,53443
Escherichia,562
Klebsiella,573
Holdemania,61171
Bacteroides,626929
Alistipes,626932
Collinsella,626935
Phascolarctobacterium,626940
Anaerostipes,649756
Bacteroides,674529
Streptococcus,68892
Haemophilus,729
Collinsella,74426
Bacteroides,817
Bacteroides,818
Bacteroides,820
Phocaeicola,821
Parabacteroides,823
Eggerthella,84112
Gemella,84135
Fusobacterium,851
Faecalibacterium,853
Desulfovibrio,876
Dorea,88431
Desulfovibrio,901
Acidaminococcus,905
13,113107
1,1161942
2,1264
13,1302
13,1304
13,1305
4,1308
13,1309
13,1318
13,1328
13,1343
148,1351
6,1352
4,1358
19,1382
1,1522
4,1531
1,154046
5,154288
4,1547
182,1582
4,1584
19,1660
2,166486
16,1680
16,1681
16,1686
16,1689
22,187327
1,208479
3,214856
16,216816
60,2173
60,2317
11,239935
0,246787
4,28025
16,28026
13,28037
14,28116
3,28118
3,28123
1,292800
13,29391
17,29466
2,301301
3,328813
3,328814
0,329854
4,33035
4,33038
14,357276
14,371601
4,39483
2,39485
4,39488
17,39777
17,39778
19,43675
18,446660
3,454155
18,471189
14,47678
24,562
12,573
3,626932
4,649756
17,729
16,74426
14,817
14,818
14,820
14,821
14,823
18,84112
13,84135
5,851
4,853
10,876
10,901
22,905
AcetateProductionexport,100886
ButyrateProductionexport,100886
CellobioseConsumptionimport,100886
D-FructoseFructoseConsumptionimport,100886
D-GalactoseConsumptionimport,100886
D-GlucoseGlucoseConsumptionimport,100886
D-MannoseMannoseConsumptionimport,100886
Isobutyrate2-MethylpropanoicacidProductionexport,100886
L-LactateS-LactateLactateD-LactateR-LactateProductionexport,100886
LactoseConsumptionimport,100886
MaltoseConsumptionimport,100886
StarchAmylopectinAmylose14-alpha-D-GlucanPullulanResistantstarchMacromoleculedegradation,100886
SucroseConsumptionimport,100886
AcetateProductionexport,106588
SuccinateProductionexport,106588
AcetateProductionexport,113107
CO2Productionexport,113107
D-MannitolMannitolConsumptionimport,113107
EthanolProductionexport,113107
H2O2Productionexport,113107
L-LactateS-LactateLactateD-LactateR-LactateProductionexport,113107
LactoseConsumptionimport,113107
NH3AmmoniaNH4AmmoniumProductionexport,113107
PantothenicacidVitaminB5PantothenateConsumptionimport,113107
AcetateConsumptionimportproductionexport,116085
ButyrateProductionexport,116085
D-FructoseFructoseConsumptionimport,116085
D-MannitolMannitolConsumptionimport,116085
H2HydrogenProductionexport,116085
L-LactateS-LactateLactateD-LactateR-LactateConsumptionimportproductionexport,116085
PropanoatePropionateProductionexport,116085
BiotinVitaminB7Consumptionimport,1245
CO2Productionexport,1245
D-FructoseFructoseConsumptionimport,1245
D-GlucoseGlucoseConsumptionimport,1245
EthanolProductionexport,1245
L-LactateS-LactateLactateD-LactateR-LactateProductionexport,1245
LactoseConsumptionimport,1245
NiacinVitaminB3NicotinicacidNicotinateNicotinamideVitaminB3Consumptionimport,1245
PantothenicacidVitaminB5PantothenateConsumptionimport,1245
PyridoxalVitaminB6PyridoxinePyridoxamineVitaminB6Consumptionimport,1245
RiboflavinVitaminB2Consumptionimportproductionexport,1245
ThiamineVitaminB1ThiaminConsumptionimport,1245
2-methylbutyrate2-methylbutanoicacidConsumptionimport,1264
4-Aminobenzoatepara-aminoBenzoicacidConsumptionimport,1264
AcetateProductionexport,1264
alpha-LinolenicacidOmega-3fattyacidConsumptionimport,1264
BiotinVitaminB7Consumptionimport,1264
CellobioseConsumptionimport,1264
CelluloseBeta-D-glucanMacromoleculedegradation,1264
CO2Productionexport,1264
D-GlucoseGlucoseConsumptionimport,1264
D-PsicoseConsumptionimport,1264
EthanolProductionexport,1264
H2HydrogenProductionexport,1264
HemicelluloseMacromoleculedegradation,1264
Isobutyrate2-MethylpropanoicacidConsumptionimport,1264
L-AsparagineAsparagineConsumptionimport,1264
L-GlutamineD-GlutamineGlutamineConsumptionimport,1264
L-TryptophanTryptophanConsumptionimport,1264
LinoleicacidOmega-6fattyacidConsumptionimport,1264
NH3AmmoniaNH4AmmoniumConsumptionimport,1264
PyridoxalVitaminB6PyridoxinePyridoxamineVitaminB6Consumptionimport,1264
AcetateProductionexport,1302
CO2Productionexport,1302
D-GlucoseGlucoseConsumptionimport,1302
D-MannitolMannitolConsumptionimport,1302
EthanolProductionexport,1302
H2O2Productionexport,1302
L-LactateS-LactateLactateD-LactateR-LactateProductionexport,1302
LactoseConsumptionimport,1302
MaltoseConsumptionimport,1302
NH3AmmoniaNH4AmmoniumProductionexport,1302
PantothenicacidVitaminB5PantothenateConsumptionimport,1302
AcetateProductionexport,1304
BiotinVitaminB7Consumptionimport,1304
CO2Productionexport,1304
D-FructoseFructoseConsumptionimport,1304
D-MannitolMannitolConsumptionimport,1304
DNARNAPolynucleotideMacromoleculedegradation,1304
EthanolProductionexport,1304
H2O2Productionexport,1304
L-ArginineArginineConsumptionimport,1304
L-AspartateAspartateD-AspartateConsumptionimport,1304
L-GlutamateL-GlutamicacidGlutamateD-GlutamateConsumptionimport,1304
L-GlycineGlycineConsumptionimport,1304
L-HistidineHistidineConsumptionimport,1304
L-IsoleucineIsoleucineConsumptionimport,1304
L-LactateS-LactateLactateD-LactateR-LactateProductionexport,1304
L-LeucineLeucineConsumptionimport,1304
L-LysineLysineD-LysineConsumptionimport,1304
L-MethionineD-MethionineConsumptionimport,1304
L-PhenylalaninePhenylalanineD-PhenylalanineConsumptionimport,1304
L-TyrosineTyrosineConsumptionimport,1304
L-ValineValineD-ValineConsumptionimport,1304
LactoseConsumptionimport,1304
NH3AmmoniaNH4AmmoniumProductionexport,1304
NiacinVitaminB3NicotinicacidNicotinateNicotinamideVitaminB3Consumptionimport,1304
PantothenicacidVitaminB5PantothenateConsumptionimport,1304
RiboflavinVitaminB2Consumptionimport,1304
ThiamineVitaminB1ThiaminConsumptionimport,1304
AcetateProductionexport,1305
CO2Productionexport,1305
D-MannitolMannitolConsumptionimport,1305
EthanolProductionexport,1305
H2O2Productionexport,1305
L-LactateS-LactateLactateD-LactateR-LactateProductionexport,1305
LactoseConsumptionimport,1305
MucinMucusGlycoproteinMacromoleculedegradation,1305
NH3AmmoniaNH4AmmoniumProductionexport,1305
PantothenicacidVitaminB5PantothenateConsumptionimport,1305
AcetateProductionexport,1308
CO2Productionexport,1308
D-MannitolMannitolConsumptionimport,1308
EthanolProductionexport,1308
FolicacidFolateVitaminB9Productionexport,1308
H2O2Productionexport,1308
L-LactateS-LactateLactateD-LactateR-LactateProductionexport,1308
LactoseConsumptionimport,1308
NH3AmmoniaNH4AmmoniumProductionexport,1308
PantothenicacidVitaminB5PantothenateConsumptionimport,1308
PyridoxalVitaminB6PyridoxinePyridoxamineVitaminB6Productionexport,1308
RiboflavinVitaminB2Consumptionimport,1308
ThiamineVitaminB1ThiaminConsumptionimportproductionexport,1308
AcetateProductionexport,1309
CO2Productionexport,1309
D-GlucoseGlucoseConsumptionimport,1309
D-MannitolMannitolConsumptionimport,1309
EthanolProductionexport,1309
FolicacidFolateVitaminB9Consumptionimport,1309
H2O2Productionexport,1309
L-LactateS-LactateLactateD-LactateR-LactateProductionexport,1309
LactoseConsumptionimport,1309
MucinMucusGlycoproteinMacromoleculedegradation,1309
NH3AmmoniaNH4AmmoniumProductionexport,1309
PantothenicacidVitaminB5PantothenateConsumptionimport,1309
SucroseConsumptionimport,1309
XylitolConsumptionimport,1309
AcetateProductionexport,1318
CholineConsumptionimport,1318
CO2Productionexport,1318
D-FructoseFructoseConsumptionimport,1318
D-MannitolMannitolConsumptionimport,1318
EthanolProductionexport,1318
H2O2Productionexport,1318
L-LactateS-LactateLactateD-LactateR-LactateProductionexport,1318
LactoseConsumptionimport,1318
NH3AmmoniaNH4AmmoniumProductionexport,1318
PantothenicacidVitaminB5PantothenateConsumptionimport,1318
TrimethylamineProductionexport,1318
AcetateProductionexport,1328
CO2Productionexport,1328
D-MannitolMannitolConsumptionimport,1328
DNARNAPolynucleotideMacromoleculedegradation,1328
EthanolProductionexport,1328
H2O2Productionexport,1328
L-LactateS-LactateLactateD-LactateR-LactateProductionexport,1328
LactoseConsumptionimport,1328
MucinMucusGlycoproteinMacromoleculedegradation,1328
NH3AmmoniaNH4AmmoniumProductionexport,1328
PantothenicacidVitaminB5PantothenateConsumptionimport,1328
AcetateProductionexport,1343
CO2Productionexport,1343
D-FructoseFructoseConsumptionimport,1343
D-MannitolMannitolConsumptionimport,1343
EthanolProductionexport,1343
H2O2Productionexport,1343
L-LactateS-LactateLactateD-LactateR-LactateProductionexport,1343
LactoseConsumptionimport,1343
NH3AmmoniaNH4AmmoniumProductionexport,1343
PantothenicacidVitaminB5PantothenateConsumptionimport,1343
AcetateProductionexport,1358
ChitinMacromoleculedegradation,1358
EthanolProductionexport,1358
FolicacidFolateVitaminB9Consumptionimportproductionexport,1358
FormateProductionexport,1358
L-LactateS-LactateLactateD-LactateR-LactateProductionexport,1358
MenaquinoneVitaminK2Productionexport,1358
PantothenicacidVitaminB5PantothenateConsumptionimport,1358
PyridoxalVitaminB6PyridoxinePyridoxamineVitaminB6Consumptionimport,1358
RiboflavinVitaminB2Consumptionimportproductionexport,1358
ThiamineVitaminB1ThiaminConsumptionimport,1358
XOSXylooligosaccharideConsumptionimport,1358
AcetateProductionexport,1584
AdenosylcobalaminVitaminB12CobamidecoenzymeCobIIalaminVitaminB12rCobIalaminVitaminB12sAquacobalaminCobalaminIIIConsumptionimport,1584
CO2Productionexport,1584
D-FructoseFructoseConsumptionimport,1584
D-MannitolMannitolConsumptionimport,1584
EthanolProductionexport,1584
GlycerolConsumptionimport,1584
L-LactateS-LactateLactateD-LactateR-LactateProductionexport,1584
LactoseConsumptionimport,1584
PantothenicacidVitaminB5PantothenateConsumptionimport,1584
PolypeptideMacromoleculedegradation,1584
PyridoxalVitaminB6PyridoxinePyridoxamineVitaminB6Consumptionimport,1584
RiboflavinVitaminB2Consumptionimport,1584
AcetateProductionexport,1596
ChenodeoxycholicacidChenodeoxycholateProductionexport,1596
CholicacidCholateProductionexport,1596
CO2Productionexport,1596
D-FructoseFructoseConsumptionimport,1596
D-GlucoseGlucoseConsumptionimport,1596
D-MannitolMannitolConsumptionimport,1596
DeoxycholicacidProductionexport,1596
EthanolProductionexport,1596
FolicacidFolateVitaminB9Consumptionimport,1596
GlycochenodeoxycholateConsumptionimport,1596
GlycocholateConsumptionimport,1596
GlycodeoxycholateConsumptionimport,1596
GlycolithocholateConsumptionimport,1596
L-LactateS-LactateLactateD-LactateR-LactateProductionexport,1596
LactoseConsumptionimport,1596
LithocholicacidProductionexport,1596
MucinMucusGlycoproteinMacromoleculedegradation,1596
PantothenicacidVitaminB5PantothenateConsumptionimport,1596
TaurochenodeoxycholateConsumptionimport,1596
TaurocholateConsumptionimport,1596
TaurodeoxycholateConsumptionimport,1596
TaurolithocholateConsumptionimport,1596
AcetateConsumptionimport,166486
ButyrateProductionexport,166486
CellobioseConsumptionimport,166486
CO2Productionexport,166486
D-ArabinoseL-ArabinoseArabinoseL-ArabinopyranoseL-ArabinofuranoseConsumptionimport,166486
D-FructoseFructoseConsumptionimport,166486
D-GlucoseGlucoseConsumptionimport,166486
D-XyloseXyloseConsumptionimport,166486
FormateProductionexport,166486
FOSFructooligosaccharideConsumptionimport,166486
FructanInulinLevanMacromoleculedegradation,166486
H2HydrogenProductionexport,166486
HemicelluloseMacromoleculedegradation,166486
L-LactateS-LactateLactateD-LactateR-LactateConsumptionimportproductionexport,166486
LinoleicacidOmega-6fattyacidConsumptionimport,166486
MaltoseConsumptionimport,166486
MelibioseConsumptionimport,166486
PropanoatePropionateProductionexport,166486
RaffinoseConsumptionimport,166486
StarchAmylopectinAmylose14-alpha-D-GlucanPullulanResistantstarchMacromoleculedegradation,166486
SucroseConsumptionimport,166486
XOSXylooligosaccharideConsumptionimport,166486
4-AminobutyrateGABAProductionexport,1680
AcetateProductionexport,1680
BiotinVitaminB7Productionexport,1680
CellobioseConsumptionimport,1680
ChenodeoxycholicacidChenodeoxycholateProductionexport,1680
CholicacidCholateProductionexport,1680
D-FructoseFructoseConsumptionimport,1680
D-GalactoseConsumptionimport,1680
D-GlucoseGlucoseConsumptionimport,1680
D-PsicoseConsumptionimport,1680
DeoxycholicacidProductionexport,1680
DextrinMaltotrioseMaltodextrinMaltohexaoseMaltotetraoseMaltooligosaccharideConsumptionimport,1680
DimethylamineProductionexport,1680
EthanolProductionexport,1680
FolicacidFolateVitaminB9Productionexport,1680
FormateProductionexport,1680
FOSFructooligosaccharideConsumptionimport,1680
FructanInulinLevanMacromoleculedegradation,1680
GlycochenodeoxycholateConsumptionimport,1680
GlycocholateConsumptionimport,1680
GlycodeoxycholateConsumptionimport,1680
GlycolithocholateConsumptionimport,1680
HemicelluloseMacromoleculedegradation,1680
IsomaltoseConsumptionimport,1680
L-LactateS-LactateLactateD-LactateR-LactateProductionexport,1680
LactoseConsumptionimport,1680
LithocholicacidProductionexport,1680
MaltoseConsumptionimport,1680
MenaquinoneVitaminK2Consumptionimport,1680
MethylamineMonomethylamineProductionexport,1680
PyridoxalVitaminB6PyridoxinePyridoxamineVitaminB6Productionexport,1680
RaffinoseConsumptionimport,1680
StarchAmylopectinAmylose14-alpha-D-GlucanPullulanResistantstarchMacromoleculedegradation,1680
SuccinateProductionexport,1680
TaurochenodeoxycholateConsumptionimport,1680
TaurocholateConsumptionimport,1680
TaurodeoxycholateConsumptionimport,1680
TaurolithocholateConsumptionimport,1680
UreaConsumptionimport,1680
XOSXylooligosaccharideConsumptionimport,1680
AcetateProductionexport,1681
AdenosylcobalaminVitaminB12CobamidecoenzymeCobIIalaminVitaminB12rCobIalaminVitaminB12sAquacobalaminCobalaminIIIProductionexport,1681
BiotinVitaminB7Productionexport,1681
ChenodeoxycholicacidChenodeoxycholateProductionexport,1681
CholicacidCholateProductionexport,1681
D-FructoseFructoseConsumptionimport,1681
D-GalactoseConsumptionimport,1681
D-GlucosamineGlucosamineConsumptionimport,1681
D-GlucoseGlucoseConsumptionimport,1681
D-MannitolMannitolConsumptionimport,1681
D-PsicoseConsumptionimport,1681
DeoxycholicacidProductionexport,1681
DimethylamineProductionexport,1681
EthanolProductionexport,1681
FolicacidFolateVitaminB9Productionexport,1681
FormateProductionexport,1681
FOSFructooligosaccharideConsumptionimport,1681
GlycochenodeoxycholateConsumptionimport,1681
GlycocholateConsumptionimport,1681
GlycodeoxycholateConsumptionimport,1681
GlycolithocholateConsumptionimport,1681
HemicelluloseMacromoleculedegradation,1681
L-LactateS-LactateLactateD-LactateR-LactateProductionexport,1681
LactoseConsumptionimport,1681
LithocholicacidProductionexport,1681
MenaquinoneVitaminK2Consumptionimport,1681
MethylamineMonomethylamineProductionexport,1681
MucinMucusGlycoproteinMacromoleculedegradation,1681
PectinMacromoleculedegradation,1681
PyridoxalVitaminB6PyridoxinePyridoxamineVitaminB6Productionexport,1681
RaffinoseConsumptionimport,1681
RiboflavinVitaminB2Consumptionimport,1681
StarchAmylopectinAmylose14-alpha-D-GlucanPullulanResistantstarchMacromoleculedegradation,1681
SuccinateProductionexport,1681
TaurochenodeoxycholateConsumptionimport,1681
TaurocholateConsumptionimport,1681
TaurodeoxycholateConsumptionimport,1681
TaurolithocholateConsumptionimport,1681
ThiamineVitaminB1ThiaminProductionexport,1681
UreaConsumptionimport,1681
AcetateProductionexport,1686
D-FructoseFructoseConsumptionimport,1686
D-GalactosamineGalactosamineConsumptionimport,1686
D-GalactoseConsumptionimport,1686
D-GlucosamineGlucosamineConsumptionimport,1686
D-PsicoseConsumptionimport,1686
EthanolProductionexport,1686
FolicacidFolateVitaminB9Productionexport,1686
FormateProductionexport,1686
HemicelluloseMacromoleculedegradation,1686
L-LactateS-LactateLactateD-LactateR-LactateProductionexport,1686
LactoseConsumptionimport,1686
PectinMacromoleculedegradation,1686
RaffinoseConsumptionimport,1686
StarchAmylopectinAmylose14-alpha-D-GlucanPullulanResistantstarchMacromoleculedegradation,1686
SuccinateProductionexport,1686
UreaConsumptionimport,1686
4-AminobutyrateGABAProductionexport,1689
AcetateProductionexport,1689
D-FructoseFructoseConsumptionimport,1689
D-GalactosamineGalactosamineConsumptionimport,1689
D-GalactoseConsumptionimport,1689
D-GlucosamineGlucosamineConsumptionimport,1689
D-PsicoseConsumptionimport,1689
EthanolProductionexport,1689
FolicacidFolateVitaminB9Productionexport,1689
FormateProductionexport,1689
HemicelluloseMacromoleculedegradation,1689
L-LactateS-LactateLactateD-LactateR-LactateProductionexport,1689
LactoseConsumptionimport,1689
MenaquinoneVitaminK2Consumptionimport,1689
RaffinoseConsumptionimport,1689
StarchAmylopectinAmylose14-alpha-D-GlucanPullulanResistantstarchMacromoleculedegradation,1689
SuccinateProductionexport,1689
UreaConsumptionimport,1689
2-OxobutyrateAlpha-ketobutyrate2-OxobutanoateConsumptionimport,169435
AcetateProductionexport,169435
ButyrateProductionexport,169435
CellobioseConsumptionimport,169435
D-FructoseFructoseConsumptionimport,169435
D-GalactoseConsumptionimport,169435
D-GlucoseGlucoseConsumptionimport,169435
D-MannoseMannoseConsumptionimport,169435
D-TuranoseConsumptionimport,169435
DextrinMaltotrioseMaltodextrinMaltohexaoseMaltotetraoseMaltooligosaccharideConsumptionimport,169435
H2SHS-Productionexport,169435
IndoleProductionexport,169435
InosineConsumptionimport,169435
L-MalateS-MalateL-MalicacidMalateD-MalateR-MalateConsumptionimport,169435
L-SerineSerineD-SerineConsumptionimport,169435
L-ValineValineD-ValineConsumptionimport,169435
MaltoseConsumptionimport,169435
N-Acetyl-D-GlucosamineN-AcetylglucosamineConsumptionimport,169435
N-Acetyl-D-mannosamineConsumptionimport,169435
N-AcetylneuraminicacidN-acetylneuraminateNeu5AcSialicacidConsumptionimport,169435
PyruvateConsumptionimport,169435
ThymidineConsumptionimport,169435
TrehaloseConsumptionimport,169435
UridineConsumptionimport,169435
AcetateConsumptionimport,2173
BicarbonateHCO3-H2CO3CarbonicacidCarbonateConsumptionimport,2173
CO2Consumptionimport,2173
EthanolConsumptionimport,2173
FormateConsumptionimport,2173
H2HydrogenConsumptionimport,2173
MethaneCH4Productionexport,2173
MethanolConsumptionimport,2173
NH3AmmoniaNH4AmmoniumConsumptionimport,2173
AcetateProductionexport,218538
PropanoatePropionateProductionexport,218538
AcetateConsumptionimport,2317
DimethylamineConsumptionimport,2317
H2HydrogenConsumptionimport,2317
MethaneCH4Productionexport,2317
MethanolConsumptionimport,2317
MethylamineMonomethylamineConsumptionimport,2317
TrimethylamineConsumptionimport,2317
MucinMucusGlycoproteinMacromoleculedegradation,239935
AcetateProductionexport,246787
ButyrateProductionexport,246787
CelluloseBeta-D-glucanMacromoleculedegradation,246787
CO2Consumptionimportproductionexport,246787
D-FructoseFructoseConsumptionimport,246787
H2HydrogenProductionexport,246787
HemicelluloseMacromoleculedegradation,246787
NH3AmmoniaNH4AmmoniumConsumptionimport,246787
PropanoatePropionateProductionexport,246787
SuccinateProductionexport,246787
AcetateProductionexport,28025
ChenodeoxycholicacidChenodeoxycholateProductionexport,28025
CholicacidCholateProductionexport,28025
D-FructoseFructoseConsumptionimport,28025
D-GalactosamineGalactosamineConsumptionimport,28025
D-GalactoseConsumptionimport,28025
D-GlucosamineGlucosamineConsumptionimport,28025
D-GlucoseGlucoseConsumptionimport,28025
D-PsicoseConsumptionimport,28025
DeoxycholicacidProductionexport,28025
EthanolProductionexport,28025
FolicacidFolateVitaminB9Consumptionimportproductionexport,28025
FormateProductionexport,28025
FOSFructooligosaccharideConsumptionimport,28025
GlycochenodeoxycholateConsumptionimport,28025
GlycocholateConsumptionimport,28025
GlycodeoxycholateConsumptionimport,28025
GlycolithocholateConsumptionimport,28025
HemicelluloseMacromoleculedegradation,28025
L-LactateS-LactateLactateD-LactateR-LactateProductionexport,28025
LactoseConsumptionimport,28025
LithocholicacidProductionexport,28025
RaffinoseConsumptionimport,28025
StarchAmylopectinAmylose14-alpha-D-GlucanPullulanResistantstarchMacromoleculedegradation,28025
SuccinateProductionexport,28025
TaurochenodeoxycholateConsumptionimport,28025
TaurocholateConsumptionimport,28025
TaurodeoxycholateConsumptionimport,28025
TaurolithocholateConsumptionimport,28025
UreaConsumptionimport,28025
AcetateProductionexport,28026
D-FructoseFructoseConsumptionimport,28026
D-GalactoseConsumptionimport,28026
D-GlucosamineGlucosamineConsumptionimport,28026
D-PsicoseConsumptionimport,28026
DextrinMaltotrioseMaltodextrinMaltohexaoseMaltotetraoseMaltooligosaccharideConsumptionimport,28026
EthanolProductionexport,28026
FolicacidFolateVitaminB9Productionexport,28026
FormateProductionexport,28026
FOSFructooligosaccharideConsumptionimport,28026
HemicelluloseMacromoleculedegradation,28026
L-FucoseConsumptionimport,28026
L-LactateS-LactateLactateD-LactateR-LactateProductionexport,28026
LactoseConsumptionimport,28026
LinoleicacidOmega-6fattyacidProductionexport,28026
RaffinoseConsumptionimport,28026
StarchAmylopectinAmylose14-alpha-D-GlucanPullulanResistantstarchMacromoleculedegradation,28026
SuccinateProductionexport,28026
UreaConsumptionimport,28026
AcetateProductionexport,28037
CO2Productionexport,28037
D-MannitolMannitolConsumptionimport,28037
EthanolProductionexport,28037
H2O2Productionexport,28037
L-LactateS-LactateLactateD-LactateR-LactateProductionexport,28037
LactoseConsumptionimport,28037
NH3AmmoniaNH4AmmoniumProductionexport,28037
PantothenicacidVitaminB5PantothenateConsumptionimport,28037
AcetateProductionexport,28111
AdenosylcobalaminVitaminB12CobamidecoenzymeCobIIalaminVitaminB12rCobIalaminVitaminB12sAquacobalaminCobalaminIIIConsumptionimport,28111
ButyrateProductionexport,28111
CO2Consumptionimportproductionexport,28111
D-FructoseFructoseConsumptionimport,28111
D-GalactoseConsumptionimport,28111
D-GalacturonateConsumptionimport,28111
D-GlucosamineGlucosamineConsumptionimport,28111
D-GlucuronicacidD-GlucuronateConsumptionimport,28111
H2HydrogenProductionexport,28111
HemicelluloseMacromoleculedegradation,28111
NH3AmmoniaNH4AmmoniumConsumptionimport,28111
PropanoatePropionateProductionexport,28111
StarchAmylopectinAmylose14-alpha-D-GlucanPullulanResistantstarchMacromoleculedegradation,28111
SuccinateProductionexport,28111
AcetateProductionexport,28116
AlginateMacromoleculedegradation,28116
ArabinogalactanMacromoleculedegradation,28116
ButylamineProductionexport,28116
ButyrateProductionexport,28116
CellobioseConsumptionimport,28116
Chondroitin4-sulfateChondroitin6-sulfateMacromoleculedegradation,28116
CO2Consumptionimportproductionexport,28116
D-ArabinoseL-ArabinoseArabinoseL-ArabinopyranoseL-ArabinofuranoseConsumptionimport,28116
D-FructoseFructoseConsumptionimport,28116
D-GalactoseConsumptionimport,28116
D-GalacturonateConsumptionimport,28116
D-GlucosamineGlucosamineConsumptionimport,28116
D-GlucoseGlucoseConsumptionimport,28116
D-GlucuronicacidD-GlucuronateConsumptionimport,28116
D-MannoseMannoseConsumptionimport,28116
D-PsicoseConsumptionimport,28116
D-RiboseRiboseConsumptionimport,28116
D-XyloseXyloseConsumptionimport,28116
DextrinMaltotrioseMaltodextrinMaltohexaoseMaltotetraoseMaltooligosaccharideConsumptionimport,28116
DimethylamineProductionexport,28116
FOSFructooligosaccharideConsumptionimport,28116
H2HydrogenProductionexport,28116
HemicelluloseMacromoleculedegradation,28116
HyaluronanHyaluronateHyaluronicacidMacromoleculedegradation,28116
Isovalerate3-MethylbutanoicacidProductionexport,28116
L-FucoseConsumptionimport,28116
L-LactateS-LactateLactateD-LactateR-LactateProductionexport,28116
L-RhamnoseRhamnoseD-RhamnoseConsumptionimport,28116
MenaquinoneVitaminK2Productionexport,28116
N-Acetyl-D-GlucosamineN-AcetylglucosamineConsumptionimport,28116
N-AcetylgalactosamineN-Acetyl-D-galactosamineConsumptionimport,28116
NH3AmmoniaNH4AmmoniumConsumptionimportproductionexport,28116
PectinMacromoleculedegradation,28116
PhenylethylamineProductionexport,28116
PropanoatePropionateProductionexport,28116
PutrescineProductionexport,28116
StarchAmylopectinAmylose14-alpha-D-GlucanPullulanResistantstarchMacromoleculedegradation,28116
SuccinateProductionexport,28116
TrehaloseConsumptionimport,28116
TyramineProductionexport,28116
H2HydrogenProductionexport,28117
IndoleProductionexport,28117
Isobutyrate2-MethylpropanoicacidProductionexport,28117
Isovalerate3-MethylbutanoicacidProductionexport,28117
PropanoatePropionateProductionexport,28117
SuccinateProductionexport,28117
AcetateProductionexport,28118
ButyrateProductionexport,28118
D-ArabinoseL-ArabinoseArabinoseL-ArabinopyranoseL-ArabinofuranoseConsumptionimport,28118
D-FructoseFructoseConsumptionimport,28118
D-GalactoseConsumptionimport,28118
D-GlucoseGlucoseConsumptionimport,28118
D-MannoseMannoseConsumptionimport,28118
H2HydrogenProductionexport,28118
H2SHS-Productionexport,28118
IndoleProductionexport,28118
Isobutyrate2-MethylpropanoicacidProductionexport,28118
Isovalerate3-MethylbutanoicacidProductionexport,28118
L-LysineLysineD-LysineConsumptionimport,28118
L-TryptophanTryptophanConsumptionimport,28118
LactoseConsumptionimport,28118
PropanoatePropionateProductionexport,28118
SuccinateProductionexport,28118
2-OxobutyrateAlpha-ketobutyrate2-OxobutanoateConsumptionimport,28123
CO2Productionexport,28123
H2HydrogenProductionexport,28123
PropanoatePropionateProductionexport,28123
AcetateProductionexport,29466
CO2Productionexport,29466
H2HydrogenProductionexport,29466
L-LactateS-LactateLactateD-LactateR-LactateConsumptionimport,29466
L-MalateS-MalateL-MalicacidMalateD-MalateR-MalateConsumptionimport,29466
OxaloacetateConsumptionimport,29466
PolypeptideMacromoleculedegradation,29466
PropanoatePropionateProductionexport,29466
PyruvateConsumptionimport,29466
SuccinateConsumptionimport,29466
D-MannoseMannoseConsumptionimport,328814
IndoleProductionexport,328814
RaffinoseConsumptionimport,328814
SuccinateProductionexport,328814
AcetateProductionexport,329854
ButyrateProductionexport,329854
ChenodeoxycholicacidChenodeoxycholateConsumptionimport,329854
CholicacidCholateConsumptionimport,329854
CO2Consumptionimportproductionexport,329854
D-FructoseFructoseConsumptionimport,329854
H2HydrogenProductionexport,329854
HemicelluloseMacromoleculedegradation,329854
NH3AmmoniaNH4AmmoniumConsumptionimport,329854
PropanoatePropionateProductionexport,329854
SuccinateProductionexport,329854
AcetateProductionexport,341694
CO2Productionexport,341694
NH3AmmoniaNH4AmmoniumProductionexport,341694
AcetateProductionexport,35833
ButanolConsumptionimport,35833
DeoxycholicacidProductionexport,35833
EthanolConsumptionimport,35833
FormateConsumptionimport,35833
GlycerolConsumptionimport,35833
H2HydrogenConsumptionimport,35833
H2SHS-Productionexport,35833
IsethionateConsumptionimport,35833
L-LactateS-LactateLactateD-LactateR-LactateConsumptionimport,35833
L-MalateS-MalateL-MalicacidMalateD-MalateR-MalateConsumptionimport,35833
NH3AmmoniaNH4AmmoniumProductionexport,35833
NitrateConsumptionimport,35833
Propanoln-propanol1-PropanolConsumptionimport,35833
PyruvateConsumptionimport,35833
SuccinateConsumptionimport,35833
SulfateSulfuricacidConsumptionimport,35833
TaurineConsumptionimport,35833
TaurochenodeoxycholateConsumptionimport,35833
TaurocholateConsumptionimport,35833
TaurodeoxycholateConsumptionimport,35833
TaurolithocholateConsumptionimport,35833
ThiosulfateConsumptionimport,35833
AcetateConsumptionimport,360807
ButyrateProductionexport,360807
FormateProductionexport,360807
FOSFructooligosaccharideConsumptionimport,360807
L-FucoseConsumptionimport,360807
L-LactateS-LactateLactateD-LactateR-LactateProductionexport,360807
LinoleicacidOmega-6fattyacidConsumptionimport,360807
PropanoatePropionateProductionexport,360807
Propanoln-propanol1-PropanolProductionexport,360807
StarchAmylopectinAmylose14-alpha-D-GlucanPullulanResistantstarchMacromoleculedegradation,360807
XOSXylooligosaccharideConsumptionimport,360807
AcetateProductionexport,371601
ButyrateProductionexport,371601
CellobioseConsumptionimport,371601
CO2Consumptionimportproductionexport,371601
D-ArabinoseL-ArabinoseArabinoseL-ArabinopyranoseL-ArabinofuranoseConsumptionimport,371601
D-FructoseFructoseConsumptionimport,371601
D-GalactoseConsumptionimport,371601
D-GlucoseGlucoseConsumptionimport,371601
D-MannitolMannitolConsumptionimport,371601
D-MannoseMannoseConsumptionimport,371601
D-PsicoseConsumptionimport,371601
D-SorbitolD-GlucitolSorbitolGlucitolL-SorbitolSorbitolConsumptionimport,371601
D-XyloseXyloseConsumptionimport,371601
GlycerolConsumptionimport,371601
H2HydrogenProductionexport,371601
L-RhamnoseRhamnoseD-RhamnoseConsumptionimport,371601
LactoseConsumptionimport,371601
MaltoseConsumptionimport,371601
MelibioseConsumptionimport,371601
NH3AmmoniaNH4AmmoniumConsumptionimport,371601
PropanoatePropionateProductionexport,371601
RaffinoseConsumptionimport,371601
SuccinateProductionexport,371601
SucroseConsumptionimport,371601
TrehaloseConsumptionimport,371601
AcetateProductionexport,387661
SuccinateProductionexport,387661
AcetateProductionexport,39486
CO2Productionexport,39486
D-FructoseFructoseConsumptionimport,39486
D-GalactoseConsumptionimport,39486
D-GlucoseGlucoseConsumptionimport,39486
EthanolProductionexport,39486
FormateProductionexport,39486
H2HydrogenProductionexport,39486
L-LactateS-LactateLactateD-LactateR-LactateProductionexport,39486
LactoseConsumptionimport,39486
MaltoseConsumptionimport,39486
N-AcetylneuraminicacidN-acetylneuraminateNeu5AcSialicacidConsumptionimport,39486
PyruvateConsumptionimport,39486
AcetateConsumptionimport,39496
ButyrateProductionexport,39496
CO2Productionexport,39496
FormateProductionexport,39496
H2HydrogenProductionexport,39496
L-LactateS-LactateLactateD-LactateR-LactateProductionexport,39496
AcetateProductionexport,39777
L-LactateS-LactateLactateD-LactateR-LactateConsumptionimport,39777
PropanoatePropionateProductionexport,39777
AcetateProductionexport,39778
L-LactateS-LactateLactateD-LactateR-LactateConsumptionimport,39778
PropanoatePropionateProductionexport,39778
2-methylbutyrate2-methylbutanoicacidConsumptionimport,40518
AcetateProductionexport,40518
AdenosylcobalaminVitaminB12CobamidecoenzymeCobIIalaminVitaminB12rCobIalaminVitaminB12sAquacobalaminCobalaminIIIConsumptionimport,40518
BicarbonateHCO3-H2CO3CarbonicacidCarbonateConsumptionimport,40518
BiotinVitaminB7Consumptionimport,40518
D-FructoseFructoseConsumptionimport,40518
D-PsicoseConsumptionimport,40518
DextrinMaltotrioseMaltodextrinMaltohexaoseMaltotetraoseMaltooligosaccharideConsumptionimport,40518
EthanolProductionexport,40518
FormateProductionexport,40518
FOSFructooligosaccharideConsumptionimport,40518
H2HydrogenProductionexport,40518
Isobutyrate2-MethylpropanoicacidConsumptionimport,40518
Isovalerate3-MethylbutanoicacidConsumptionimport,40518
L-CysteineCysteineD-CysteineConsumptionimport,40518
L-LactateS-LactateLactateD-LactateR-LactateProductionexport,40518
MaltoseConsumptionimport,40518
NH3AmmoniaNH4AmmoniumConsumptionimport,40518
PantothenicacidVitaminB5PantothenateConsumptionimport,40518
PyridoxalVitaminB6PyridoxinePyridoxamineVitaminB6Consumptionimport,40518
RiboflavinVitaminB2Consumptionimport,40518
StarchAmylopectinAmylose14-alpha-D-GlucanPullulanResistantstarchMacromoleculedegradation,40518
SuccinateProductionexport,40518
SulfateSulfuricacidConsumptionimport,40518
ThiosulfateConsumptionimport,40518
L-ArginineArginineConsumptionimport,40545
L-AspartateAspartateD-AspartateConsumptionimport,40545
AcetateProductionexport,410072
ButyrateProductionexport,410072
D-ArabinoseL-ArabinoseArabinoseL-ArabinopyranoseL-ArabinofuranoseConsumptionimport,410072
D-FructoseFructoseConsumptionimport,410072
D-GalactoseConsumptionimport,410072
D-GlucoseGlucoseConsumptionimport,410072
D-XyloseXyloseConsumptionimport,410072
FOSFructooligosaccharideConsumptionimport,410072
L-LactateS-LactateLactateD-LactateR-LactateProductionexport,410072
LactoseConsumptionimport,410072
MaltoseConsumptionimport,410072
PropanoatePropionateProductionexport,410072
RaffinoseConsumptionimport,410072
SucroseConsumptionimport,410072
AcetateConsumptionimportproductionexport,45851
ButyrateProductionexport,45851
CO2Productionexport,45851
DextrinMaltotrioseMaltodextrinMaltohexaoseMaltotetraoseMaltooligosaccharideConsumptionimport,45851
FormateProductionexport,45851
H2HydrogenProductionexport,45851
HemicelluloseMacromoleculedegradation,45851
Isobutyrate2-MethylpropanoicacidConsumptionimport,45851
Isovalerate3-MethylbutanoicacidConsumptionimport,45851
L-LactateS-LactateLactateD-LactateR-LactateProductionexport,45851
LactoseConsumptionimport,45851
MaltoseConsumptionimport,45851
PropanoatePropionateConsumptionimport,45851
StarchAmylopectinAmylose14-alpha-D-GlucanPullulanResistantstarchMacromoleculedegradation,45851
ValeratePentanoicacidPentanoateConsumptionimport,45851
AcetateProductionexport,46503
D-GlucoseGlucoseConsumptionimport,46503
D-MannoseMannoseConsumptionimport,46503
D-XyloseXyloseConsumptionimport,46503
LactoseConsumptionimport,46503
MaltoseConsumptionimport,46503
RaffinoseConsumptionimport,46503
SuccinateProductionexport,46503
SucroseConsumptionimport,46503
TrehaloseConsumptionimport,46503
AcetateProductionexport,46506
ButyrateProductionexport,46506
CO2Consumptionimportproductionexport,46506
D-FructoseFructoseConsumptionimport,46506
DextrinMaltotrioseMaltodextrinMaltohexaoseMaltotetraoseMaltooligosaccharideConsumptionimport,46506
FormateProductionexport,46506
H2HydrogenProductionexport,46506
NH3AmmoniaNH4AmmoniumConsumptionimport,46506
PropanoatePropionateProductionexport,46506
SuccinateProductionexport,46506
AcetateProductionexport,47678
ButyrateProductionexport,47678
CO2Consumptionimportproductionexport,47678
D-FructoseFructoseConsumptionimport,47678
DextrinMaltotrioseMaltodextrinMaltohexaoseMaltotetraoseMaltooligosaccharideConsumptionimport,47678
FormateProductionexport,47678
H2HydrogenProductionexport,47678
MucinMucusGlycoproteinMacromoleculedegradation,47678
NH3AmmoniaNH4AmmoniumConsumptionimport,47678
PectinMacromoleculedegradation,47678
PropanoatePropionateProductionexport,47678
SuccinateProductionexport,47678
MucinMucusGlycoproteinMacromoleculedegradation,52226
4-AminobutyrateGABAProductionexport,562
AcetateProductionexport,562
AdenosylcobalaminVitaminB12CobamidecoenzymeCobIIalaminVitaminB12rCobIalaminVitaminB12sAquacobalaminCobalaminIIIConsumptionimportproductionexport,562
BetaineGlycinebetaineConsumptionimport,562
BiotinVitaminB7Productionexport,562
CadaverineProductionexport,562
ChenodeoxycholicacidChenodeoxycholateConsumptionimport,562
CholicacidCholateConsumptionimport,562
CO2Productionexport,562
D-FructuronateConsumptionimport,562
D-GalactoseConsumptionimport,562
D-GalacturonateConsumptionimport,562
D-GluconateD-GluconicacidGluconateConsumptionimport,562
D-GlucoseGlucoseConsumptionimport,562
D-GlucuronicacidD-GlucuronateConsumptionimport,562
D-RiboseRiboseConsumptionimport,562
D-TagaturonateConsumptionimport,562
DimethylamineProductionexport,562
EthanolProductionexport,562
FolicacidFolateVitaminB9Productionexport,562
FormaldehydeProductionexport,562
FormateProductionexport,562
H2HydrogenProductionexport,562
IndoleProductionexport,562
Indole-3-acetateIndoleacetateConsumptionimportproductionexport,562
L-GlutamateL-GlutamicacidGlutamateD-GlutamateConsumptionimport,562
L-GlutamineD-GlutamineGlutamineConsumptionimport,562
L-HistidineHistidineConsumptionimport,562
L-IdonateConsumptionimport,562
L-IsoleucineIsoleucineConsumptionimport,562
L-LactateS-LactateLactateD-LactateR-LactateProductionexport,562
L-LeucineLeucineConsumptionimport,562
L-MalateS-MalateL-MalicacidMalateD-MalateR-MalateConsumptionimport,562
L-ThreonineThreonineProductionexport,562
L-ValineValineD-ValineConsumptionimport,562
LactoseConsumptionimport,562
MaltoseConsumptionimport,562
MenaquinoneVitaminK2Productionexport,562
MethanolProductionexport,562
NH3AmmoniaNH4AmmoniumProductionexport,562
NiacinVitaminB3NicotinicacidNicotinateNicotinamideVitaminB3Consumptionimportproductionexport,562
NitrateConsumptionimport,562
PentanolProductionexport,562
PutrescineProductionexport,562
PyridoxalVitaminB6PyridoxinePyridoxamineVitaminB6Consumptionimport,562
RiboflavinVitaminB2Productionexport,562
SuccinateConsumptionimportproductionexport,562
SulfateSulfuricacidConsumptionimport,562
ThiamineVitaminB1ThiaminConsumptionimportproductionexport,562
ThiosulfateConsumptionimport,562
TrimethylamineProductionexport,562
RR-23-ButanediolRR-ButanediolSS-23-ButanediolSS-ButanediolConsumptionimportproductionexport,573
13-PropanediolProductionexport,573
AcetateConsumptionimportproductionexport,573
AdenosylcobalaminVitaminB12CobamidecoenzymeCobIIalaminVitaminB12rCobIalaminVitaminB12sAquacobalaminCobalaminIIIConsumptionimportproductionexport,573
BenzoateConsumptionimport,573
CellobioseConsumptionimport,573
CitrateConsumptionimport,573
CO2Productionexport,573
D-ArabinoseL-ArabinoseArabinoseL-ArabinopyranoseL-ArabinofuranoseConsumptionimport,573
D-GluconateD-GluconicacidGluconateConsumptionimport,573
D-GlucoseGlucoseConsumptionimport,573
D-XyloseXyloseConsumptionimport,573
EthanolProductionexport,573
EthanolaminePhosphatidylethanolamineConsumptionimport,573
FormaldehydeProductionexport,573
FormateConsumptionimport,573
GlycerolConsumptionimport,573
Inositolmyo-InositolInositol1-phosphateMyo-inositolphosphateConsumptionimport,573
L-ArabitolL-ArabinitolD-ArabitolConsumptionimport,573
L-GlutamateL-GlutamicacidGlutamateD-GlutamateConsumptionimport,573
L-MalateS-MalateL-MalicacidMalateD-MalateR-MalateConsumptionimport,573
L-SorboseSorboseConsumptionimport,573
MethanolConsumptionimport,573
MethylamineMonomethylamineConsumptionimport,573
N2Consumptionimport,573
NH3AmmoniaNH4AmmoniumProductionexport,573
NiacinVitaminB3NicotinicacidNicotinateNicotinamideVitaminB3Consumptionimport,573
NitrateConsumptionimport,573
RaffinoseConsumptionimport,573
RiboflavinVitaminB2Productionexport,573
StachyoseConsumptionimport,573
SuccinateConsumptionimport,573
SucroseConsumptionimport,573
TrimethylamineProductionexport,573
TyramineConsumptionimport,573
UreaConsumptionimport,573
XOSXylooligosaccharideConsumptionimport,573
AcetateProductionexport,61171
CellobioseConsumptionimport,61171
D-ArabinoseL-ArabinoseArabinoseL-ArabinopyranoseL-ArabinofuranoseConsumptionimport,61171
D-FructoseFructoseConsumptionimport,61171
D-GlucoseGlucoseConsumptionimport,61171
D-MannitolMannitolConsumptionimport,61171
D-MannoseMannoseConsumptionimport,61171
D-RiboseRiboseConsumptionimport,61171
D-SorbitolD-GlucitolSorbitolGlucitolL-SorbitolSorbitolConsumptionimport,61171
D-XyloseXyloseConsumptionimport,61171
ErythritolConsumptionimport,61171
Inositolmyo-InositolInositol1-phosphateMyo-inositolphosphateConsumptionimport,61171
L-LactateS-LactateLactateD-LactateR-LactateProductionexport,61171
L-RhamnoseRhamnoseD-RhamnoseConsumptionimport,61171
MelibioseConsumptionimport,61171
RaffinoseConsumptionimport,61171
StarchAmylopectinAmylose14-alpha-D-GlucanPullulanResistantstarchMacromoleculedegradation,61171
SuccinateProductionexport,61171
SucroseConsumptionimport,61171
TrehaloseConsumptionimport,61171
AcetateProductionexport,68892
CO2Productionexport,68892
D-MannitolMannitolConsumptionimport,68892
EthanolProductionexport,68892
H2O2Productionexport,68892
L-LactateS-LactateLactateD-LactateR-LactateProductionexport,68892
LactoseConsumptionimport,68892
NH3AmmoniaNH4AmmoniumProductionexport,68892
PantothenicacidVitaminB5PantothenateConsumptionimport,68892
D-GlucoseGlucoseConsumptionimport,729
L-LactateS-LactateLactateD-LactateR-LactateConsumptionimport,729
MenaquinoneVitaminK2Consumptionimport,729
AcetateProductionexport,817
AdenosylcobalaminVitaminB12CobamidecoenzymeCobIIalaminVitaminB12rCobIalaminVitaminB12sAquacobalaminCobalaminIIIConsumptionimport,817
BicarbonateHCO3-H2CO3CarbonicacidCarbonateConsumptionimport,817
ButyrateProductionexport,817
ChenodeoxycholicacidChenodeoxycholateConsumptionimportproductionexport,817
CholicacidCholateConsumptionimportproductionexport,817
CO2Consumptionimportproductionexport,817
D-FructoseFructoseConsumptionimport,817
D-GalacturonateConsumptionimport,817
D-GlucosamineGlucosamineConsumptionimport,817
D-GlucoseGlucoseConsumptionimport,817
D-GlucuronicacidD-GlucuronateConsumptionimport,817
DeoxycholicacidProductionexport,817
DextrinMaltotrioseMaltodextrinMaltohexaoseMaltotetraoseMaltooligosaccharideConsumptionimport,817
DimethylamineProductionexport,817
FOSFructooligosaccharideConsumptionimport,817
GlycochenodeoxycholateConsumptionimport,817
GlycocholateConsumptionimport,817
GlycodeoxycholateConsumptionimport,817
H2HydrogenProductionexport,817
HemicelluloseMacromoleculedegradation,817
L-CysteineCysteineD-CysteineConsumptionimport,817
L-FucoseConsumptionimport,817
L-LactateS-LactateLactateD-LactateR-LactateConsumptionimportproductionexport,817
L-MethionineD-MethionineConsumptionimport,817
LithocholicacidProductionexport,817
MenaquinoneVitaminK2Productionexport,817
MucinMucusGlycoproteinMacromoleculedegradation,817
NH3AmmoniaNH4AmmoniumConsumptionimportproductionexport,817
PectinMacromoleculedegradation,817
PolypeptideMacromoleculedegradation,817
PropanoatePropionateProductionexport,817
PutrescineProductionexport,817
RaffinoseConsumptionimport,817
StarchAmylopectinAmylose14-alpha-D-GlucanPullulanResistantstarchMacromoleculedegradation,817
SuccinateProductionexport,817
TaurochenodeoxycholateConsumptionimport,817
TaurocholateConsumptionimport,817
TaurodeoxycholateConsumptionimport,817
ValeratePentanoicacidPentanoateProductionexport,817
XOSXylooligosaccharideConsumptionimport,817
12-EthanediolEthyleneglycolProductionexport,818
12-propanediolPropenediolPropyleneglycolR-12-propanediolR-propane-12-diolS-12-propanediolS-propane-12-diolProductionexport,818
AcetateProductionexport,818
AdenosylcobalaminVitaminB12CobamidecoenzymeCobIIalaminVitaminB12rCobIalaminVitaminB12sAquacobalaminCobalaminIIIConsumptionimport,818
ArabinogalactanMacromoleculedegradation,818
ButylamineProductionexport,818
ButyrateProductionexport,818
CellobioseConsumptionimport,818
ChenodeoxycholicacidChenodeoxycholateConsumptionimport,818
CholicacidCholateConsumptionimport,818
Chondroitin4-sulfateChondroitin6-sulfateMacromoleculedegradation,818
CO2Consumptionimportproductionexport,818
D-ArabinoseL-ArabinoseArabinoseL-ArabinopyranoseL-ArabinofuranoseConsumptionimport,818
D-FructoseFructoseConsumptionimport,818
D-GalactoseConsumptionimport,818
D-GalacturonateConsumptionimport,818
D-GlucosamineGlucosamineConsumptionimport,818
D-GlucoseGlucoseConsumptionimport,818
D-GlucuronicacidD-GlucuronateConsumptionimport,818
D-LyxoseL-LyxoseConsumptionimport,818
D-MannoseMannoseConsumptionimport,818
D-PsicoseConsumptionimport,818
D-RiboseRiboseConsumptionimport,818
D-XyloseXyloseConsumptionimport,818
DeoxycholicacidProductionexport,818
DextrinMaltotrioseMaltodextrinMaltohexaoseMaltotetraoseMaltooligosaccharideConsumptionimport,818
DimethylamineProductionexport,818
EthanolProductionexport,818
FormateProductionexport,818
FOSFructooligosaccharideConsumptionimport,818
FructanInulinLevanMacromoleculedegradation,818
GalactanMacromoleculedegradation,818
H2HydrogenProductionexport,818
HemicelluloseMacromoleculedegradation,818
HyaluronanHyaluronateHyaluronicacidMacromoleculedegradation,818
Isobutyrate2-MethylpropanoicacidProductionexport,818
Isovalerate3-MethylbutanoicacidProductionexport,818
L-CysteineCysteineD-CysteineConsumptionimport,818
L-FucoseConsumptionimport,818
L-LactateS-LactateLactateD-LactateR-LactateProductionexport,818
L-LeucineLeucineConsumptionimport,818
L-MethionineD-MethionineConsumptionimport,818
L-PhenylalaninePhenylalanineD-PhenylalanineConsumptionimport,818
L-RhamnoseRhamnoseD-RhamnoseConsumptionimport,818
L-TyrosineTyrosineConsumptionimport,818
L-ValineValineD-ValineConsumptionimport,818
LithocholicacidProductionexport,818
MenaquinoneVitaminK2Productionexport,818
MethanolProductionexport,818
MucinMucusGlycoproteinMacromoleculedegradation,818
N-Acetyl-D-GlucosamineN-AcetylglucosamineConsumptionimport,818
N-AcetylgalactosamineN-Acetyl-D-galactosamineConsumptionimport,818
N-AcetylneuraminicacidN-acetylneuraminateNeu5AcSialicacidConsumptionimport,818
NH3AmmoniaNH4AmmoniumConsumptionimportproductionexport,818
PectinMacromoleculedegradation,818
PhenylacetateProductionexport,818
PhenylethylamineProductionexport,818
PolypeptideMacromoleculedegradation,818
PropanoatePropionateProductionexport,818
PutrescineProductionexport,818
PyruvateProductionexport,818
RaffinoseConsumptionimport,818
SpermidineProductionexport,818
StarchAmylopectinAmylose14-alpha-D-GlucanPullulanResistantstarchMacromoleculedegradation,818
SuccinateProductionexport,818
TrehaloseConsumptionimport,818
TrimethylamineProductionexport,818
TyramineProductionexport,818
UreaProductionexport,818
ValeratePentanoicacidPentanoateProductionexport,818
XOSXylooligosaccharideConsumptionimport,818
AcetateProductionexport,820
ButyrateProductionexport,820
CellobioseConsumptionimport,820
CO2Consumptionimportproductionexport,820
D-FructoseFructoseConsumptionimport,820
D-PsicoseConsumptionimport,820
FOSFructooligosaccharideConsumptionimport,820
H2HydrogenProductionexport,820
MucinMucusGlycoproteinMacromoleculedegradation,820
NH3AmmoniaNH4AmmoniumConsumptionimport,820
PropanoatePropionateProductionexport,820
SuccinateProductionexport,820
AdenosylcobalaminVitaminB12CobamidecoenzymeCobIIalaminVitaminB12rCobIalaminVitaminB12sAquacobalaminCobalaminIIIConsumptionimport,823
CellobioseConsumptionimport,823
D-GlucoseGlucoseConsumptionimport,823
D-MannoseMannoseConsumptionimport,823
D-XyloseXyloseConsumptionimport,823
HemicelluloseMacromoleculedegradation,823
L-CysteineCysteineD-CysteineConsumptionimport,823
L-MethionineD-MethionineConsumptionimport,823
L-RhamnoseRhamnoseD-RhamnoseConsumptionimport,823
LactoseConsumptionimport,823
MucinMucusGlycoproteinMacromoleculedegradation,823
NH3AmmoniaNH4AmmoniumConsumptionimport,823
RaffinoseConsumptionimport,823
StarchAmylopectinAmylose14-alpha-D-GlucanPullulanResistantstarchMacromoleculedegradation,823
SucroseConsumptionimport,823
TrehaloseConsumptionimport,823
MenaquinoneVitaminK2Productionexport,84112
AcetateConsumptionimportproductionexport,851
ButyrateProductionexport,851
D-GlucoseGlucoseConsumptionimport,851
L-AspartateAspartateD-AspartateConsumptionimport,851
L-CysteineCysteineD-CysteineConsumptionimport,851
L-GlutamateL-GlutamicacidGlutamateD-GlutamateConsumptionimport,851
L-GlutamineD-GlutamineGlutamineConsumptionimport,851
L-HistidineHistidineConsumptionimport,851
L-LactateS-LactateLactateD-LactateR-LactateProductionexport,851
L-LysineLysineD-LysineConsumptionimport,851
L-MethionineD-MethionineConsumptionimport,851
L-SerineSerineD-SerineConsumptionimport,851
L-ThreonineThreonineConsumptionimport,851
N-AcetylneuraminicacidN-acetylneuraminateNeu5AcSialicacidConsumptionimport,851
NH3AmmoniaNH4AmmoniumProductionexport,851
AcetateConsumptionimportproductionexport,853
ButyrateProductionexport,853
CO2Productionexport,853
D-FructoseFructoseConsumptionimport,853
D-GlucoseGlucoseConsumptionimport,853
DimethylamineProductionexport,853
FormateProductionexport,853
FOSFructooligosaccharideConsumptionimport,853
L-LactateS-LactateLactateD-LactateR-LactateProductionexport,853
MethylamineMonomethylamineProductionexport,853
N-Acetyl-D-GlucosamineN-AcetylglucosamineConsumptionimport,853
N-AcetylneuraminicacidN-acetylneuraminateNeu5AcSialicacidConsumptionimport,853
NH3AmmoniaNH4AmmoniumProductionexport,853
PectinMacromoleculedegradation,853
PropanoatePropionateProductionexport,853
RiboflavinVitaminB2Consumptionimport,853
TrimethylamineProductionexport,853
TrimethylamineN-oxideTrimethylamine-N-oxideProductionexport,853
AcetateConsumptionimportproductionexport,876
ButyrateConsumptionimport,876
CO2Consumptionimport,876
EthanolConsumptionimport,876
FormateConsumptionimport,876
GlycerolConsumptionimport,876
H2HydrogenConsumptionimport,876
H2SHS-Productionexport,876
IndoleConsumptionimport,876
L-LactateS-LactateLactateD-LactateR-LactateConsumptionimport,876
PhenolConsumptionimport,876
PropanoatePropionateConsumptionimport,876
PyruvateConsumptionimport,876
SuccinateConsumptionimport,876
SulfateSulfuricacidConsumptionimport,876
AcetateProductionexport,88431
D-ArabinoseL-ArabinoseArabinoseL-ArabinopyranoseL-ArabinofuranoseConsumptionimport,88431
D-FructoseFructoseConsumptionimport,88431
D-GalactoseConsumptionimport,88431
D-GlucosamineGlucosamineConsumptionimport,88431
D-GlucoseGlucoseConsumptionimport,88431
D-SorbitolD-GlucitolSorbitolGlucitolL-SorbitolSorbitolConsumptionimport,88431
D-XyloseXyloseConsumptionimport,88431
EthanolProductionexport,88431
FormateProductionexport,88431
FOSFructooligosaccharideConsumptionimport,88431
Inositolmyo-InositolInositol1-phosphateMyo-inositolphosphateConsumptionimport,88431
LactoseConsumptionimport,88431
MaltoseConsumptionimport,88431
N-AcetylneuraminicacidN-acetylneuraminateNeu5AcSialicacidConsumptionimport,88431
SucroseConsumptionimport,88431
AcetateConsumptionimportproductionexport,901
ButyrateConsumptionimport,901
CO2Consumptionimport,901
D-GlucoseGlucoseConsumptionimport,901
EthanolConsumptionimport,901
FormateConsumptionimport,901
GlycerolConsumptionimport,901
H2HydrogenConsumptionimport,901
H2SHS-Productionexport,901
IndoleConsumptionimport,901
L-LactateS-LactateLactateD-LactateR-LactateConsumptionimportproductionexport,901
MaltoseConsumptionimport,901
NH3AmmoniaNH4AmmoniumConsumptionimportproductionexport,901
PhenolConsumptionimport,901
PropanoatePropionateConsumptionimport,901
PyruvateConsumptionimport,901
SuccinateConsumptionimport,901
SucroseConsumptionimport,901
SulfateSulfuricacidConsumptionimport,901
UreaConsumptionimport,901
AcetateProductionexport,905
ButyrateProductionexport,905
cis-Aconitatetrans-Aconitatetrans-AconiticacidConsumptionimport,905
CitrateConsumptionimport,905
CO2Productionexport,905
H2HydrogenProductionexport,905
H2SHS-Productionexport,905
L-GlutamateL-GlutamicacidGlutamateD-GlutamateConsumptionimport,905
NH3AmmoniaNH4AmmoniumProductionexport,905
PropanoatePropionateProductionexport,905
